name,reconstructed_images_path,nmf,dataset,noises,noise_p,lambda,alpha,beta,none,acc,nmi,rmse
robust_yaleB_0_5_0,./images/robust_yaleB_0_5_0,robust,yaleB,"['block_noise', 'blur_noise']",0.0,0.5,,,,0.1243093922651933,0.1477166135771123,0.0873536840081214
robust_yaleB_0_5_1,./images/robust_yaleB_0_5_1,robust,yaleB,"['block_noise', 'blur_noise']",0.0,0.5,,,,0.1312154696132596,0.1752473362779786,0.0865455195307731
robust_yaleB_0_5_2,./images/robust_yaleB_0_5_2,robust,yaleB,"['block_noise', 'blur_noise']",0.0,0.5,,,,0.1312154696132596,0.1482046234850738,0.0867353528738021
robust_yaleB_0_5_3,./images/robust_yaleB_0_5_3,robust,yaleB,"['block_noise', 'blur_noise']",0.0,0.5,,,,0.1385819521178637,0.1474591247100228,0.0871136859059333
robust_yaleB_0_5_4,./images/robust_yaleB_0_5_4,robust,yaleB,"['block_noise', 'blur_noise']",0.0,0.5,,,,0.1279926335174954,0.1442031504900005,0.0868506208062172
robust_yaleB_0_8_0,./images/robust_yaleB_0_8_0,robust,yaleB,"['block_noise', 'blur_noise']",0.0,0.8,,,,0.1362799263351749,0.1754144436987535,0.0871900394558906
robust_yaleB_0_8_1,./images/robust_yaleB_0_8_1,robust,yaleB,"['block_noise', 'blur_noise']",0.0,0.8,,,,0.1335174953959484,0.165682951879944,0.0866729617118835
robust_yaleB_0_8_2,./images/robust_yaleB_0_8_2,robust,yaleB,"['block_noise', 'blur_noise']",0.0,0.8,,,,0.1339779005524861,0.1627613766766431,0.0863469615578651
robust_yaleB_0_8_3,./images/robust_yaleB_0_8_3,robust,yaleB,"['block_noise', 'blur_noise']",0.0,0.8,,,,0.1372007366482504,0.1612862727756499,0.0867028310894966
robust_yaleB_0_8_4,./images/robust_yaleB_0_8_4,robust,yaleB,"['block_noise', 'blur_noise']",0.0,0.8,,,,0.1256906077348066,0.1577170349551226,0.0866611525416374
robust_yaleB_0_10_0,./images/robust_yaleB_0_10_0,robust,yaleB,"['block_noise', 'blur_noise']",0.0,1.0,,,,0.1325966850828729,0.1790355233300205,0.0869622603058815
robust_yaleB_0_10_1,./images/robust_yaleB_0_10_1,robust,yaleB,"['block_noise', 'blur_noise']",0.0,1.0,,,,0.1256906077348066,0.1597528507740803,0.0866162776947021
robust_yaleB_0_10_2,./images/robust_yaleB_0_10_2,robust,yaleB,"['block_noise', 'blur_noise']",0.0,1.0,,,,0.1252302025782689,0.154219016808915,0.0864527076482772
robust_yaleB_0_10_3,./images/robust_yaleB_0_10_3,robust,yaleB,"['block_noise', 'blur_noise']",0.0,1.0,,,,0.1316758747697974,0.1533544641751008,0.086092785000801
robust_yaleB_0_10_4,./images/robust_yaleB_0_10_4,robust,yaleB,"['block_noise', 'blur_noise']",0.0,1.0,,,,0.1348987108655616,0.1523654634507754,0.0870066508650779
sparse_yaleB_0_5_0,./images/sparse_yaleB_0_5_0,sparse,yaleB,"['block_noise', 'blur_noise']",0.0,,0.5,0.5,,0.1270718232044199,0.1729469921271858,0.0982094407081604
sparse_yaleB_0_5_1,./images/sparse_yaleB_0_5_1,sparse,yaleB,"['block_noise', 'blur_noise']",0.0,,0.5,0.5,,0.1197053406998158,0.1458481727035386,0.098413236439228
sparse_yaleB_0_5_2,./images/sparse_yaleB_0_5_2,sparse,yaleB,"['block_noise', 'blur_noise']",0.0,,0.5,0.5,,0.1275322283609576,0.1596627743046542,0.0982274636626243
sparse_yaleB_0_5_3,./images/sparse_yaleB_0_5_3,sparse,yaleB,"['block_noise', 'blur_noise']",0.0,,0.5,0.5,,0.1224677716390423,0.1373616855232879,0.0987423285841941
sparse_yaleB_0_5_4,./images/sparse_yaleB_0_5_4,sparse,yaleB,"['block_noise', 'blur_noise']",0.0,,0.5,0.5,,0.115561694290976,0.1464489924155808,0.0985729396343231
sparse_yaleB_0_8_0,./images/sparse_yaleB_0_8_0,sparse,yaleB,"['block_noise', 'blur_noise']",0.0,,0.8,0.8,,0.1325966850828729,0.1441403404135812,0.0993886888027191
sparse_yaleB_0_8_1,./images/sparse_yaleB_0_8_1,sparse,yaleB,"['block_noise', 'blur_noise']",0.0,,0.8,0.8,,0.117403314917127,0.1315834308925573,0.0990587323904037
sparse_yaleB_0_8_2,./images/sparse_yaleB_0_8_2,sparse,yaleB,"['block_noise', 'blur_noise']",0.0,,0.8,0.8,,0.1316758747697974,0.1506884369153769,0.0991937741637229
sparse_yaleB_0_8_3,./images/sparse_yaleB_0_8_3,sparse,yaleB,"['block_noise', 'blur_noise']",0.0,,0.8,0.8,,0.1233885819521178,0.1462871579416163,0.0991825237870216
sparse_yaleB_0_8_4,./images/sparse_yaleB_0_8_4,sparse,yaleB,"['block_noise', 'blur_noise']",0.0,,0.8,0.8,,0.1109576427255985,0.1155161469100198,0.0989774242043495
sparse_yaleB_0_10_0,./images/sparse_yaleB_0_10_0,sparse,yaleB,"['block_noise', 'blur_noise']",0.0,,1.0,1.0,,0.1247697974217311,0.1305735400501946,0.0998905375599861
sparse_yaleB_0_10_1,./images/sparse_yaleB_0_10_1,sparse,yaleB,"['block_noise', 'blur_noise']",0.0,,1.0,1.0,,0.1252302025782689,0.14751059281988,0.0996899306774139
sparse_yaleB_0_10_2,./images/sparse_yaleB_0_10_2,sparse,yaleB,"['block_noise', 'blur_noise']",0.0,,1.0,1.0,,0.1160220994475138,0.1323962791324029,0.0997872203588485
sparse_yaleB_0_10_3,./images/sparse_yaleB_0_10_3,sparse,yaleB,"['block_noise', 'blur_noise']",0.0,,1.0,1.0,,0.1206261510128913,0.1489271371574408,0.0998658388853073
sparse_yaleB_0_10_4,./images/sparse_yaleB_0_10_4,sparse,yaleB,"['block_noise', 'blur_noise']",0.0,,1.0,1.0,,0.1183241252302025,0.1397023649996402,0.0997190251946449
multiplicative_update_yaleB_0_0_0,./images/multiplicative_update_yaleB_0_0_0,multiplicative_update,yaleB,"['block_noise', 'blur_noise']",0.0,,,,0.0,0.1058931860036832,0.1376538539207315,0.0983200073242187
multiplicative_update_yaleB_0_0_1,./images/multiplicative_update_yaleB_0_0_1,multiplicative_update,yaleB,"['block_noise', 'blur_noise']",0.0,,,,0.0,0.1068139963167587,0.1250077658117271,0.0981693118810653
multiplicative_update_yaleB_0_0_2,./images/multiplicative_update_yaleB_0_0_2,multiplicative_update,yaleB,"['block_noise', 'blur_noise']",0.0,,,,0.0,0.1183241252302025,0.1438096263117723,0.0986655429005622
multiplicative_update_yaleB_0_0_3,./images/multiplicative_update_yaleB_0_0_3,multiplicative_update,yaleB,"['block_noise', 'blur_noise']",0.0,,,,0.0,0.1141804788213628,0.1262537771785526,0.0982708036899566
multiplicative_update_yaleB_0_0_4,./images/multiplicative_update_yaleB_0_0_4,multiplicative_update,yaleB,"['block_noise', 'blur_noise']",0.0,,,,0.0,0.1201657458563535,0.1337177141135212,0.0983716994524002
robust_yaleB_15_5_0,./images/robust_yaleB_15_5_0,robust,yaleB,"['block_noise', 'blur_noise']",0.15,0.5,,,,0.1160220994475138,0.139098402027144,0.0912722796201706
robust_yaleB_15_5_1,./images/robust_yaleB_15_5_1,robust,yaleB,"['block_noise', 'blur_noise']",0.15,0.5,,,,0.117403314917127,0.1328360117455864,0.0915513038635253
robust_yaleB_15_5_2,./images/robust_yaleB_15_5_2,robust,yaleB,"['block_noise', 'blur_noise']",0.15,0.5,,,,0.1220073664825046,0.1575718669964516,0.0916136428713798
robust_yaleB_15_5_3,./images/robust_yaleB_15_5_3,robust,yaleB,"['block_noise', 'blur_noise']",0.15,0.5,,,,0.1298342541436464,0.1548583607444013,0.0916418805718422
robust_yaleB_15_5_4,./images/robust_yaleB_15_5_4,robust,yaleB,"['block_noise', 'blur_noise']",0.15,0.5,,,,0.1270718232044199,0.1548400101978312,0.0912115946412086
robust_yaleB_15_8_0,./images/robust_yaleB_15_8_0,robust,yaleB,"['block_noise', 'blur_noise']",0.15,0.8,,,,0.1233885819521178,0.1408421048893736,0.0912756994366645
robust_yaleB_15_8_1,./images/robust_yaleB_15_8_1,robust,yaleB,"['block_noise', 'blur_noise']",0.15,0.8,,,,0.1256906077348066,0.1588375262739557,0.0912578031420707
robust_yaleB_15_8_2,./images/robust_yaleB_15_8_2,robust,yaleB,"['block_noise', 'blur_noise']",0.15,0.8,,,,0.1256906077348066,0.1502284606289494,0.0907156020402908
robust_yaleB_15_8_3,./images/robust_yaleB_15_8_3,robust,yaleB,"['block_noise', 'blur_noise']",0.15,0.8,,,,0.1247697974217311,0.1446237698027142,0.0914114341139793
robust_yaleB_15_8_4,./images/robust_yaleB_15_8_4,robust,yaleB,"['block_noise', 'blur_noise']",0.15,0.8,,,,0.1178637200736648,0.1577495363770596,0.0909002721309661
robust_yaleB_15_10_0,./images/robust_yaleB_15_10_0,robust,yaleB,"['block_noise', 'blur_noise']",0.15,1.0,,,,0.1385819521178637,0.1517697102367674,0.0911275148391723
robust_yaleB_15_10_1,./images/robust_yaleB_15_10_1,robust,yaleB,"['block_noise', 'blur_noise']",0.15,1.0,,,,0.1289134438305709,0.1441382672590133,0.0908619239926338
robust_yaleB_15_10_2,./images/robust_yaleB_15_10_2,robust,yaleB,"['block_noise', 'blur_noise']",0.15,1.0,,,,0.1086556169429097,0.1292399742606255,0.0913901776075363
robust_yaleB_15_10_3,./images/robust_yaleB_15_10_3,robust,yaleB,"['block_noise', 'blur_noise']",0.15,1.0,,,,0.1220073664825046,0.1355781672111409,0.0918360278010368
robust_yaleB_15_10_4,./images/robust_yaleB_15_10_4,robust,yaleB,"['block_noise', 'blur_noise']",0.15,1.0,,,,0.1302946593001841,0.1493984494313293,0.0909942388534545
sparse_yaleB_15_5_0,./images/sparse_yaleB_15_5_0,sparse,yaleB,"['block_noise', 'blur_noise']",0.15,,0.5,0.5,,0.1086556169429097,0.1143696456328943,0.1024275571107864
sparse_yaleB_15_5_1,./images/sparse_yaleB_15_5_1,sparse,yaleB,"['block_noise', 'blur_noise']",0.15,,0.5,0.5,,0.1206261510128913,0.1446230169005493,0.1024780943989753
sparse_yaleB_15_5_2,./images/sparse_yaleB_15_5_2,sparse,yaleB,"['block_noise', 'blur_noise']",0.15,,0.5,0.5,,0.1123388581952117,0.1177207958293152,0.1024789065122604
sparse_yaleB_15_5_3,./images/sparse_yaleB_15_5_3,sparse,yaleB,"['block_noise', 'blur_noise']",0.15,,0.5,0.5,,0.115561694290976,0.1466142983855571,0.102201834321022
sparse_yaleB_15_5_4,./images/sparse_yaleB_15_5_4,sparse,yaleB,"['block_noise', 'blur_noise']",0.15,,0.5,0.5,,0.1206261510128913,0.1527175249189901,0.1027944460511207
sparse_yaleB_15_8_0,./images/sparse_yaleB_15_8_0,sparse,yaleB,"['block_noise', 'blur_noise']",0.15,,0.8,0.8,,0.1026703499079189,0.1332239823631606,0.1032333001494407
sparse_yaleB_15_8_1,./images/sparse_yaleB_15_8_1,sparse,yaleB,"['block_noise', 'blur_noise']",0.15,,0.8,0.8,,0.1197053406998158,0.1319584272988132,0.1027802303433418
sparse_yaleB_15_8_2,./images/sparse_yaleB_15_8_2,sparse,yaleB,"['block_noise', 'blur_noise']",0.15,,0.8,0.8,,0.1187845303867403,0.1368859700131361,0.1023605987429618
sparse_yaleB_15_8_3,./images/sparse_yaleB_15_8_3,sparse,yaleB,"['block_noise', 'blur_noise']",0.15,,0.8,0.8,,0.110036832412523,0.1351700131678625,0.1033712103962898
sparse_yaleB_15_8_4,./images/sparse_yaleB_15_8_4,sparse,yaleB,"['block_noise', 'blur_noise']",0.15,,0.8,0.8,,0.1086556169429097,0.121104511969276,0.1031658053398132
sparse_yaleB_15_10_0,./images/sparse_yaleB_15_10_0,sparse,yaleB,"['block_noise', 'blur_noise']",0.15,,1.0,1.0,,0.1123388581952117,0.1184402257052835,0.1038429886102676
sparse_yaleB_15_10_1,./images/sparse_yaleB_15_10_1,sparse,yaleB,"['block_noise', 'blur_noise']",0.15,,1.0,1.0,,0.108195211786372,0.1117449575323687,0.1041257083415985
sparse_yaleB_15_10_2,./images/sparse_yaleB_15_10_2,sparse,yaleB,"['block_noise', 'blur_noise']",0.15,,1.0,1.0,,0.1160220994475138,0.1287700884861998,0.1034624353051185
sparse_yaleB_15_10_3,./images/sparse_yaleB_15_10_3,sparse,yaleB,"['block_noise', 'blur_noise']",0.15,,1.0,1.0,,0.1091160220994475,0.1346694234625556,0.1038549914956092
sparse_yaleB_15_10_4,./images/sparse_yaleB_15_10_4,sparse,yaleB,"['block_noise', 'blur_noise']",0.15,,1.0,1.0,,0.1095764272559852,0.1341964177871549,0.103993035852909
multiplicative_update_yaleB_15_0_0,./images/multiplicative_update_yaleB_15_0_0,multiplicative_update,yaleB,"['block_noise', 'blur_noise']",0.15,,,,0.0,0.113720073664825,0.128397542853129,0.1018667742609977
multiplicative_update_yaleB_15_0_1,./images/multiplicative_update_yaleB_15_0_1,multiplicative_update,yaleB,"['block_noise', 'blur_noise']",0.15,,,,0.0,0.106353591160221,0.1017829845269947,0.1022545844316482
multiplicative_update_yaleB_15_0_2,./images/multiplicative_update_yaleB_15_0_2,multiplicative_update,yaleB,"['block_noise', 'blur_noise']",0.15,,,,0.0,0.1104972375690607,0.1301120561001791,0.1024039164185524
multiplicative_update_yaleB_15_0_3,./images/multiplicative_update_yaleB_15_0_3,multiplicative_update,yaleB,"['block_noise', 'blur_noise']",0.15,,,,0.0,0.1091160220994475,0.1127055706072574,0.10268335044384
multiplicative_update_yaleB_15_0_4,./images/multiplicative_update_yaleB_15_0_4,multiplicative_update,yaleB,"['block_noise', 'blur_noise']",0.15,,,,0.0,0.1164825046040515,0.1310154907919262,0.1021821945905685
robust_yaleB_40_5_0,./images/robust_yaleB_40_5_0,robust,yaleB,"['block_noise', 'blur_noise']",0.4,0.5,,,,0.108195211786372,0.1254288023715911,0.0969564318656921
robust_yaleB_40_5_1,./images/robust_yaleB_40_5_1,robust,yaleB,"['block_noise', 'blur_noise']",0.4,0.5,,,,0.110036832412523,0.1183844524904773,0.09680837392807
robust_yaleB_40_5_2,./images/robust_yaleB_40_5_2,robust,yaleB,"['block_noise', 'blur_noise']",0.4,0.5,,,,0.1104972375690607,0.1096576085324264,0.0965981557965278
robust_yaleB_40_5_3,./images/robust_yaleB_40_5_3,robust,yaleB,"['block_noise', 'blur_noise']",0.4,0.5,,,,0.1127992633517495,0.1320150773744886,0.0957737565040588
robust_yaleB_40_5_4,./images/robust_yaleB_40_5_4,robust,yaleB,"['block_noise', 'blur_noise']",0.4,0.5,,,,0.1215469613259668,0.1341509478425545,0.0958694964647293
robust_yaleB_40_8_0,./images/robust_yaleB_40_8_0,robust,yaleB,"['block_noise', 'blur_noise']",0.4,0.8,,,,0.1072744014732965,0.1230481179248557,0.0963029563426971
robust_yaleB_40_8_1,./images/robust_yaleB_40_8_1,robust,yaleB,"['block_noise', 'blur_noise']",0.4,0.8,,,,0.1206261510128913,0.1306389617857224,0.095677301287651
robust_yaleB_40_8_2,./images/robust_yaleB_40_8_2,robust,yaleB,"['block_noise', 'blur_noise']",0.4,0.8,,,,0.111878453038674,0.1278674975319201,0.0964458584785461
robust_yaleB_40_8_3,./images/robust_yaleB_40_8_3,robust,yaleB,"['block_noise', 'blur_noise']",0.4,0.8,,,,0.1151012891344383,0.1144534026485606,0.0959544107317924
robust_yaleB_40_8_4,./images/robust_yaleB_40_8_4,robust,yaleB,"['block_noise', 'blur_noise']",0.4,0.8,,,,0.113720073664825,0.117929873042557,0.0963441804051399
robust_yaleB_40_10_0,./images/robust_yaleB_40_10_0,robust,yaleB,"['block_noise', 'blur_noise']",0.4,1.0,,,,0.1151012891344383,0.1174565772828519,0.096114695072174
robust_yaleB_40_10_1,./images/robust_yaleB_40_10_1,robust,yaleB,"['block_noise', 'blur_noise']",0.4,1.0,,,,0.106353591160221,0.1100652750092554,0.0953535065054893
robust_yaleB_40_10_2,./images/robust_yaleB_40_10_2,robust,yaleB,"['block_noise', 'blur_noise']",0.4,1.0,,,,0.1077348066298342,0.1176727770939344,0.0964855253696441
robust_yaleB_40_10_3,./images/robust_yaleB_40_10_3,robust,yaleB,"['block_noise', 'blur_noise']",0.4,1.0,,,,0.0999079189686924,0.0971859512237002,0.0961503013968467
robust_yaleB_40_10_4,./images/robust_yaleB_40_10_4,robust,yaleB,"['block_noise', 'blur_noise']",0.4,1.0,,,,0.1114180478821362,0.101661842947268,0.0967690572142601
sparse_yaleB_40_5_0,./images/sparse_yaleB_40_5_0,sparse,yaleB,"['block_noise', 'blur_noise']",0.4,,0.5,0.5,,0.1068139963167587,0.113983872174796,0.1063634604215622
sparse_yaleB_40_5_1,./images/sparse_yaleB_40_5_1,sparse,yaleB,"['block_noise', 'blur_noise']",0.4,,0.5,0.5,,0.0953038674033149,0.0998876481524481,0.1062935590744018
sparse_yaleB_40_5_2,./images/sparse_yaleB_40_5_2,sparse,yaleB,"['block_noise', 'blur_noise']",0.4,,0.5,0.5,,0.0966850828729281,0.1137420042904209,0.1064082160592079
sparse_yaleB_40_5_3,./images/sparse_yaleB_40_5_3,sparse,yaleB,"['block_noise', 'blur_noise']",0.4,,0.5,0.5,,0.1104972375690607,0.1136720536535795,0.1059218645095825
sparse_yaleB_40_5_4,./images/sparse_yaleB_40_5_4,sparse,yaleB,"['block_noise', 'blur_noise']",0.4,,0.5,0.5,,0.1017495395948434,0.1105247837827685,0.1063885986804962
sparse_yaleB_40_8_0,./images/sparse_yaleB_40_8_0,sparse,yaleB,"['block_noise', 'blur_noise']",0.4,,0.8,0.8,,0.1049723756906077,0.1085242559199287,0.1073527783155441
sparse_yaleB_40_8_1,./images/sparse_yaleB_40_8_1,sparse,yaleB,"['block_noise', 'blur_noise']",0.4,,0.8,0.8,,0.0980662983425414,0.1115900818512025,0.1073323488235473
sparse_yaleB_40_8_2,./images/sparse_yaleB_40_8_2,sparse,yaleB,"['block_noise', 'blur_noise']",0.4,,0.8,0.8,,0.108195211786372,0.1158841826445887,0.1071564629673957
sparse_yaleB_40_8_3,./images/sparse_yaleB_40_8_3,sparse,yaleB,"['block_noise', 'blur_noise']",0.4,,0.8,0.8,,0.1049723756906077,0.1088350004341975,0.1061746552586555
sparse_yaleB_40_8_4,./images/sparse_yaleB_40_8_4,sparse,yaleB,"['block_noise', 'blur_noise']",0.4,,0.8,0.8,,0.1031307550644567,0.1227734109085456,0.1061820536851883
sparse_yaleB_40_10_0,./images/sparse_yaleB_40_10_0,sparse,yaleB,"['block_noise', 'blur_noise']",0.4,,1.0,1.0,,0.0980662983425414,0.0994755623746449,0.1078246086835861
sparse_yaleB_40_10_1,./images/sparse_yaleB_40_10_1,sparse,yaleB,"['block_noise', 'blur_noise']",0.4,,1.0,1.0,,0.1017495395948434,0.1087782501507537,0.1084765791893005
sparse_yaleB_40_10_2,./images/sparse_yaleB_40_10_2,sparse,yaleB,"['block_noise', 'blur_noise']",0.4,,1.0,1.0,,0.1012891344383057,0.1119145162398405,0.1076564341783523
sparse_yaleB_40_10_3,./images/sparse_yaleB_40_10_3,sparse,yaleB,"['block_noise', 'blur_noise']",0.4,,1.0,1.0,,0.0966850828729281,0.1009060095451857,0.1084026098251342
sparse_yaleB_40_10_4,./images/sparse_yaleB_40_10_4,sparse,yaleB,"['block_noise', 'blur_noise']",0.4,,1.0,1.0,,0.1003683241252302,0.1082500139220617,0.1078614890575409
multiplicative_update_yaleB_40_0_0,./images/multiplicative_update_yaleB_40_0_0,multiplicative_update,yaleB,"['block_noise', 'blur_noise']",0.4,,,,0.0,0.1086556169429097,0.1228641052299086,0.1065514162182807
multiplicative_update_yaleB_40_0_1,./images/multiplicative_update_yaleB_40_0_1,multiplicative_update,yaleB,"['block_noise', 'blur_noise']",0.4,,,,0.0,0.1017495395948434,0.0944911557942701,0.1063679382205009
multiplicative_update_yaleB_40_0_2,./images/multiplicative_update_yaleB_40_0_2,multiplicative_update,yaleB,"['block_noise', 'blur_noise']",0.4,,,,0.0,0.0989871086556169,0.0914454099092729,0.1067179292440414
multiplicative_update_yaleB_40_0_3,./images/multiplicative_update_yaleB_40_0_3,multiplicative_update,yaleB,"['block_noise', 'blur_noise']",0.4,,,,0.0,0.0989871086556169,0.1104165084628251,0.1058931350708007
multiplicative_update_yaleB_40_0_4,./images/multiplicative_update_yaleB_40_0_4,multiplicative_update,yaleB,"['block_noise', 'blur_noise']",0.4,,,,0.0,0.1058931860036832,0.1208114714863508,0.1067406460642814
robust_yaleB_70_5_0,./images/robust_yaleB_70_5_0,robust,yaleB,"['block_noise', 'blur_noise']",0.7,0.5,,,,0.1040515653775322,0.1010743747510457,0.1003797352313995
robust_yaleB_70_5_1,./images/robust_yaleB_70_5_1,robust,yaleB,"['block_noise', 'blur_noise']",0.7,0.5,,,,0.0897790055248618,0.0945541786016183,0.100054994225502
robust_yaleB_70_5_2,./images/robust_yaleB_70_5_2,robust,yaleB,"['block_noise', 'blur_noise']",0.7,0.5,,,,0.0976058931860036,0.0999918719180118,0.1000207960605621
robust_yaleB_70_5_3,./images/robust_yaleB_70_5_3,robust,yaleB,"['block_noise', 'blur_noise']",0.7,0.5,,,,0.0994475138121546,0.1007132178386967,0.099692016839981
robust_yaleB_70_5_4,./images/robust_yaleB_70_5_4,robust,yaleB,"['block_noise', 'blur_noise']",0.7,0.5,,,,0.1114180478821362,0.1205416890408787,0.1005570292472839
robust_yaleB_70_8_0,./images/robust_yaleB_70_8_0,robust,yaleB,"['block_noise', 'blur_noise']",0.7,0.8,,,,0.0916206261510129,0.0996764138301364,0.0996743217110633
robust_yaleB_70_8_1,./images/robust_yaleB_70_8_1,robust,yaleB,"['block_noise', 'blur_noise']",0.7,0.8,,,,0.0985267034990791,0.1010556185223096,0.1001693978905677
robust_yaleB_70_8_2,./images/robust_yaleB_70_8_2,robust,yaleB,"['block_noise', 'blur_noise']",0.7,0.8,,,,0.0874769797421731,0.0822513419804308,0.1004395559430122
robust_yaleB_70_8_3,./images/robust_yaleB_70_8_3,robust,yaleB,"['block_noise', 'blur_noise']",0.7,0.8,,,,0.1022099447513812,0.1053149095635603,0.0996003448963165
robust_yaleB_70_8_4,./images/robust_yaleB_70_8_4,robust,yaleB,"['block_noise', 'blur_noise']",0.7,0.8,,,,0.1017495395948434,0.0997557883860843,0.1006211191415786
robust_yaleB_70_10_0,./images/robust_yaleB_70_10_0,robust,yaleB,"['block_noise', 'blur_noise']",0.7,1.0,,,,0.0976058931860036,0.1047777050931821,0.1006198748946189
robust_yaleB_70_10_1,./images/robust_yaleB_70_10_1,robust,yaleB,"['block_noise', 'blur_noise']",0.7,1.0,,,,0.0953038674033149,0.0851746248270481,0.1001250818371772
robust_yaleB_70_10_2,./images/robust_yaleB_70_10_2,robust,yaleB,"['block_noise', 'blur_noise']",0.7,1.0,,,,0.0911602209944751,0.0981470930292192,0.1002053245902061
robust_yaleB_70_10_3,./images/robust_yaleB_70_10_3,robust,yaleB,"['block_noise', 'blur_noise']",0.7,1.0,,,,0.0994475138121546,0.0934361303040713,0.1004040315747261
robust_yaleB_70_10_4,./images/robust_yaleB_70_10_4,robust,yaleB,"['block_noise', 'blur_noise']",0.7,1.0,,,,0.0953038674033149,0.0939775576388476,0.0998880714178085
sparse_yaleB_70_5_0,./images/sparse_yaleB_70_5_0,sparse,yaleB,"['block_noise', 'blur_noise']",0.7,,0.5,0.5,,0.0893186003683241,0.0867107229319104,0.1098382845520973
sparse_yaleB_70_5_1,./images/sparse_yaleB_70_5_1,sparse,yaleB,"['block_noise', 'blur_noise']",0.7,,0.5,0.5,,0.0874769797421731,0.0896092427663866,0.10887211561203
sparse_yaleB_70_5_2,./images/sparse_yaleB_70_5_2,sparse,yaleB,"['block_noise', 'blur_noise']",0.7,,0.5,0.5,,0.0994475138121546,0.1034446203255938,0.1089854389429092
sparse_yaleB_70_5_3,./images/sparse_yaleB_70_5_3,sparse,yaleB,"['block_noise', 'blur_noise']",0.7,,0.5,0.5,,0.0985267034990791,0.096964596541242,0.1087656244635582
sparse_yaleB_70_5_4,./images/sparse_yaleB_70_5_4,sparse,yaleB,"['block_noise', 'blur_noise']",0.7,,0.5,0.5,,0.0925414364640884,0.0914555239014121,0.1092939898371696
sparse_yaleB_70_8_0,./images/sparse_yaleB_70_8_0,sparse,yaleB,"['block_noise', 'blur_noise']",0.7,,0.8,0.8,,0.0906998158379373,0.0997941022564495,0.1088739410042762
sparse_yaleB_70_8_1,./images/sparse_yaleB_70_8_1,sparse,yaleB,"['block_noise', 'blur_noise']",0.7,,0.8,0.8,,0.0883977900552486,0.0878089441995777,0.1093532517552375
sparse_yaleB_70_8_2,./images/sparse_yaleB_70_8_2,sparse,yaleB,"['block_noise', 'blur_noise']",0.7,,0.8,0.8,,0.0897790055248618,0.0921205684752799,0.1099720746278762
sparse_yaleB_70_8_3,./images/sparse_yaleB_70_8_3,sparse,yaleB,"['block_noise', 'blur_noise']",0.7,,0.8,0.8,,0.0953038674033149,0.0936538027193388,0.1098847463726997
sparse_yaleB_70_8_4,./images/sparse_yaleB_70_8_4,sparse,yaleB,"['block_noise', 'blur_noise']",0.7,,0.8,0.8,,0.0920810313075506,0.0913023128088935,0.10920450091362
sparse_yaleB_70_10_0,./images/sparse_yaleB_70_10_0,sparse,yaleB,"['block_noise', 'blur_noise']",0.7,,1.0,1.0,,0.0966850828729281,0.0985253804217142,0.110880397260189
sparse_yaleB_70_10_1,./images/sparse_yaleB_70_10_1,sparse,yaleB,"['block_noise', 'blur_noise']",0.7,,1.0,1.0,,0.0934622467771639,0.0929525232958843,0.1101673543453216
sparse_yaleB_70_10_2,./images/sparse_yaleB_70_10_2,sparse,yaleB,"['block_noise', 'blur_noise']",0.7,,1.0,1.0,,0.0943830570902394,0.0915981979343612,0.1106513068079948
sparse_yaleB_70_10_3,./images/sparse_yaleB_70_10_3,sparse,yaleB,"['block_noise', 'blur_noise']",0.7,,1.0,1.0,,0.0870165745856353,0.0937997330289692,0.1108889877796173
sparse_yaleB_70_10_4,./images/sparse_yaleB_70_10_4,sparse,yaleB,"['block_noise', 'blur_noise']",0.7,,1.0,1.0,,0.0916206261510129,0.0980522918103073,0.1102092340588569
multiplicative_update_yaleB_70_0_0,./images/multiplicative_update_yaleB_70_0_0,multiplicative_update,yaleB,"['block_noise', 'blur_noise']",0.7,,,,0.0,0.0966850828729281,0.0907502539236029,0.1091759875416755
multiplicative_update_yaleB_70_0_1,./images/multiplicative_update_yaleB_70_0_1,multiplicative_update,yaleB,"['block_noise', 'blur_noise']",0.7,,,,0.0,0.0893186003683241,0.0903142938727417,0.1098890081048011
multiplicative_update_yaleB_70_0_2,./images/multiplicative_update_yaleB_70_0_2,multiplicative_update,yaleB,"['block_noise', 'blur_noise']",0.7,,,,0.0,0.0971454880294659,0.1053449588439767,0.1093940362334251
multiplicative_update_yaleB_70_0_3,./images/multiplicative_update_yaleB_70_0_3,multiplicative_update,yaleB,"['block_noise', 'blur_noise']",0.7,,,,0.0,0.0879373848987108,0.0928032335273397,0.1098177880048751
multiplicative_update_yaleB_70_0_4,./images/multiplicative_update_yaleB_70_0_4,multiplicative_update,yaleB,"['block_noise', 'blur_noise']",0.7,,,,0.0,0.0962246777163904,0.0898272373042168,0.1092546060681343
robust_yaleB_100_5_0,./images/robust_yaleB_100_5_0,robust,yaleB,"['block_noise', 'blur_noise']",1.0,0.5,,,,0.0847145488029466,0.0765986788743691,0.1021393090486526
robust_yaleB_100_5_1,./images/robust_yaleB_100_5_1,robust,yaleB,"['block_noise', 'blur_noise']",1.0,0.5,,,,0.0966850828729281,0.0982434106406935,0.1025570333003997
robust_yaleB_100_5_2,./images/robust_yaleB_100_5_2,robust,yaleB,"['block_noise', 'blur_noise']",1.0,0.5,,,,0.0856353591160221,0.0816341081128106,0.1031476110219955
robust_yaleB_100_5_3,./images/robust_yaleB_100_5_3,robust,yaleB,"['block_noise', 'blur_noise']",1.0,0.5,,,,0.0833333333333333,0.0782217286595931,0.1029668450355529
robust_yaleB_100_5_4,./images/robust_yaleB_100_5_4,robust,yaleB,"['block_noise', 'blur_noise']",1.0,0.5,,,,0.0870165745856353,0.0858725974162476,0.103100873529911
robust_yaleB_100_8_0,./images/robust_yaleB_100_8_0,robust,yaleB,"['block_noise', 'blur_noise']",1.0,0.8,,,,0.0925414364640884,0.0843583874423483,0.1024371162056922
robust_yaleB_100_8_1,./images/robust_yaleB_100_8_1,robust,yaleB,"['block_noise', 'blur_noise']",1.0,0.8,,,,0.083793738489871,0.0743889021817818,0.1028803065419197
robust_yaleB_100_8_2,./images/robust_yaleB_100_8_2,robust,yaleB,"['block_noise', 'blur_noise']",1.0,0.8,,,,0.0865561694290976,0.0902411817542161,0.1025334447622299
robust_yaleB_100_8_3,./images/robust_yaleB_100_8_3,robust,yaleB,"['block_noise', 'blur_noise']",1.0,0.8,,,,0.0870165745856353,0.0799230792987728,0.1026645302772522
robust_yaleB_100_8_4,./images/robust_yaleB_100_8_4,robust,yaleB,"['block_noise', 'blur_noise']",1.0,0.8,,,,0.0860957642725598,0.0772549419714201,0.1025300994515419
robust_yaleB_100_10_0,./images/robust_yaleB_100_10_0,robust,yaleB,"['block_noise', 'blur_noise']",1.0,1.0,,,,0.0842541436464088,0.0806637762721662,0.1026800200343132
robust_yaleB_100_10_1,./images/robust_yaleB_100_10_1,robust,yaleB,"['block_noise', 'blur_noise']",1.0,1.0,,,,0.0879373848987108,0.0866718660035899,0.1026440933346748
robust_yaleB_100_10_2,./images/robust_yaleB_100_10_2,robust,yaleB,"['block_noise', 'blur_noise']",1.0,1.0,,,,0.076427255985267,0.0750943901296492,0.1022881865501403
robust_yaleB_100_10_3,./images/robust_yaleB_100_10_3,robust,yaleB,"['block_noise', 'blur_noise']",1.0,1.0,,,,0.0906998158379373,0.0902612074953197,0.1025693416595459
robust_yaleB_100_10_4,./images/robust_yaleB_100_10_4,robust,yaleB,"['block_noise', 'blur_noise']",1.0,1.0,,,,0.0851749539594843,0.072354078508778,0.102860540151596
sparse_yaleB_100_5_0,./images/sparse_yaleB_100_5_0,sparse,yaleB,"['block_noise', 'blur_noise']",1.0,,0.5,0.5,,0.08195211786372,0.0807767509075965,0.1110067069530487
sparse_yaleB_100_5_1,./images/sparse_yaleB_100_5_1,sparse,yaleB,"['block_noise', 'blur_noise']",1.0,,0.5,0.5,,0.0851749539594843,0.0818608601101268,0.1113501563668251
sparse_yaleB_100_5_2,./images/sparse_yaleB_100_5_2,sparse,yaleB,"['block_noise', 'blur_noise']",1.0,,0.5,0.5,,0.0870165745856353,0.0980827500788113,0.1114011779427528
sparse_yaleB_100_5_3,./images/sparse_yaleB_100_5_3,sparse,yaleB,"['block_noise', 'blur_noise']",1.0,,0.5,0.5,,0.0847145488029466,0.0771912815659334,0.1111704036593437
sparse_yaleB_100_5_4,./images/sparse_yaleB_100_5_4,sparse,yaleB,"['block_noise', 'blur_noise']",1.0,,0.5,0.5,,0.0860957642725598,0.0872855515692667,0.1110461130738258
sparse_yaleB_100_8_0,./images/sparse_yaleB_100_8_0,sparse,yaleB,"['block_noise', 'blur_noise']",1.0,,0.8,0.8,,0.0833333333333333,0.0819276994380241,0.1114873513579368
sparse_yaleB_100_8_1,./images/sparse_yaleB_100_8_1,sparse,yaleB,"['block_noise', 'blur_noise']",1.0,,0.8,0.8,,0.0860957642725598,0.0849667366806596,0.1122881546616554
sparse_yaleB_100_8_2,./images/sparse_yaleB_100_8_2,sparse,yaleB,"['block_noise', 'blur_noise']",1.0,,0.8,0.8,,0.0879373848987108,0.0789954705865666,0.1114547625184059
sparse_yaleB_100_8_3,./images/sparse_yaleB_100_8_3,sparse,yaleB,"['block_noise', 'blur_noise']",1.0,,0.8,0.8,,0.0902394106813996,0.0787928764038776,0.1113573536276817
sparse_yaleB_100_8_4,./images/sparse_yaleB_100_8_4,sparse,yaleB,"['block_noise', 'blur_noise']",1.0,,0.8,0.8,,0.0883977900552486,0.0801733134595779,0.1120603084564209
sparse_yaleB_100_10_0,./images/sparse_yaleB_100_10_0,sparse,yaleB,"['block_noise', 'blur_noise']",1.0,,1.0,1.0,,0.0860957642725598,0.086114222323601,0.1123102456331253
sparse_yaleB_100_10_1,./images/sparse_yaleB_100_10_1,sparse,yaleB,"['block_noise', 'blur_noise']",1.0,,1.0,1.0,,0.0828729281767955,0.069722358225088,0.1114332601428031
sparse_yaleB_100_10_2,./images/sparse_yaleB_100_10_2,sparse,yaleB,"['block_noise', 'blur_noise']",1.0,,1.0,1.0,,0.08195211786372,0.0797291264280525,0.1120991930365562
sparse_yaleB_100_10_3,./images/sparse_yaleB_100_10_3,sparse,yaleB,"['block_noise', 'blur_noise']",1.0,,1.0,1.0,,0.0856353591160221,0.0804598796604533,0.1123892441391944
sparse_yaleB_100_10_4,./images/sparse_yaleB_100_10_4,sparse,yaleB,"['block_noise', 'blur_noise']",1.0,,1.0,1.0,,0.0874769797421731,0.0751759459931175,0.1125445589423179
multiplicative_update_yaleB_100_0_0,./images/multiplicative_update_yaleB_100_0_0,multiplicative_update,yaleB,"['block_noise', 'blur_noise']",1.0,,,,0.0,0.0916206261510129,0.0819723717525559,0.1105193868279457
multiplicative_update_yaleB_100_0_1,./images/multiplicative_update_yaleB_100_0_1,multiplicative_update,yaleB,"['block_noise', 'blur_noise']",1.0,,,,0.0,0.0879373848987108,0.0798071314421945,0.1112167239189148
multiplicative_update_yaleB_100_0_2,./images/multiplicative_update_yaleB_100_0_2,multiplicative_update,yaleB,"['block_noise', 'blur_noise']",1.0,,,,0.0,0.08195211786372,0.0720740239244274,0.1107917055487632
multiplicative_update_yaleB_100_0_3,./images/multiplicative_update_yaleB_100_0_3,multiplicative_update,yaleB,"['block_noise', 'blur_noise']",1.0,,,,0.0,0.0860957642725598,0.0858617211901275,0.111065462231636
multiplicative_update_yaleB_100_0_4,./images/multiplicative_update_yaleB_100_0_4,multiplicative_update,yaleB,"['block_noise', 'blur_noise']",1.0,,,,0.0,0.0860957642725598,0.0807008858517746,0.1109476163983345
robust_orl_0_5_0,./images/robust_orl_0_5_0,robust,orl,"['block_noise', 'blur_noise']",0.0,0.5,,,,0.6055555555555555,0.7678853399387807,0.1580826044082641
robust_orl_0_5_1,./images/robust_orl_0_5_1,robust,orl,"['block_noise', 'blur_noise']",0.0,0.5,,,,0.5805555555555556,0.7601108182654066,0.1585282385349273
robust_orl_0_5_2,./images/robust_orl_0_5_2,robust,orl,"['block_noise', 'blur_noise']",0.0,0.5,,,,0.5944444444444444,0.7719417163336499,0.1600017249584198
robust_orl_0_5_3,./images/robust_orl_0_5_3,robust,orl,"['block_noise', 'blur_noise']",0.0,0.5,,,,0.625,0.7840634972969486,0.1577014923095703
robust_orl_0_5_4,./images/robust_orl_0_5_4,robust,orl,"['block_noise', 'blur_noise']",0.0,0.5,,,,0.5722222222222222,0.7372924309584031,0.1594723910093307
robust_orl_0_8_0,./images/robust_orl_0_8_0,robust,orl,"['block_noise', 'blur_noise']",0.0,0.8,,,,0.5916666666666667,0.768509330070558,0.1568177491426468
robust_orl_0_8_1,./images/robust_orl_0_8_1,robust,orl,"['block_noise', 'blur_noise']",0.0,0.8,,,,0.5444444444444444,0.7470750188601328,0.1559242159128189
robust_orl_0_8_2,./images/robust_orl_0_8_2,robust,orl,"['block_noise', 'blur_noise']",0.0,0.8,,,,0.5972222222222222,0.786356134174834,0.1559337526559829
robust_orl_0_8_3,./images/robust_orl_0_8_3,robust,orl,"['block_noise', 'blur_noise']",0.0,0.8,,,,0.6055555555555555,0.7811357338540391,0.1565065234899521
robust_orl_0_8_4,./images/robust_orl_0_8_4,robust,orl,"['block_noise', 'blur_noise']",0.0,0.8,,,,0.5777777777777777,0.7663078413712435,0.1556638777256012
robust_orl_0_10_0,./images/robust_orl_0_10_0,robust,orl,"['block_noise', 'blur_noise']",0.0,1.0,,,,0.6305555555555555,0.7796741108402317,0.1567749977111816
robust_orl_0_10_1,./images/robust_orl_0_10_1,robust,orl,"['block_noise', 'blur_noise']",0.0,1.0,,,,0.5555555555555556,0.7526564953668357,0.1561347395181656
robust_orl_0_10_2,./images/robust_orl_0_10_2,robust,orl,"['block_noise', 'blur_noise']",0.0,1.0,,,,0.5972222222222222,0.7781264635276881,0.1552383303642273
robust_orl_0_10_3,./images/robust_orl_0_10_3,robust,orl,"['block_noise', 'blur_noise']",0.0,1.0,,,,0.5583333333333333,0.7512142517981124,0.1556601375341415
robust_orl_0_10_4,./images/robust_orl_0_10_4,robust,orl,"['block_noise', 'blur_noise']",0.0,1.0,,,,0.5361111111111111,0.7451329484864433,0.1576150953769683
sparse_orl_0_5_0,./images/sparse_orl_0_5_0,sparse,orl,"['block_noise', 'blur_noise']",0.0,,0.5,0.5,,0.6472222222222223,0.8158449017365973,0.1108770295977592
sparse_orl_0_5_1,./images/sparse_orl_0_5_1,sparse,orl,"['block_noise', 'blur_noise']",0.0,,0.5,0.5,,0.6972222222222222,0.8317496829970626,0.1108966916799545
sparse_orl_0_5_2,./images/sparse_orl_0_5_2,sparse,orl,"['block_noise', 'blur_noise']",0.0,,0.5,0.5,,0.6555555555555556,0.8149011616795333,0.1102470755577087
sparse_orl_0_5_3,./images/sparse_orl_0_5_3,sparse,orl,"['block_noise', 'blur_noise']",0.0,,0.5,0.5,,0.6222222222222222,0.7950695360741119,0.1111077219247818
sparse_orl_0_5_4,./images/sparse_orl_0_5_4,sparse,orl,"['block_noise', 'blur_noise']",0.0,,0.5,0.5,,0.6611111111111111,0.8194083426205954,0.1109103038907051
sparse_orl_0_8_0,./images/sparse_orl_0_8_0,sparse,orl,"['block_noise', 'blur_noise']",0.0,,0.8,0.8,,0.6083333333333333,0.7900178894254007,0.1158538609743118
sparse_orl_0_8_1,./images/sparse_orl_0_8_1,sparse,orl,"['block_noise', 'blur_noise']",0.0,,0.8,0.8,,0.6777777777777778,0.8261126461457774,0.115784466266632
sparse_orl_0_8_2,./images/sparse_orl_0_8_2,sparse,orl,"['block_noise', 'blur_noise']",0.0,,0.8,0.8,,0.6583333333333333,0.8154913146431391,0.1143575385212898
sparse_orl_0_8_3,./images/sparse_orl_0_8_3,sparse,orl,"['block_noise', 'blur_noise']",0.0,,0.8,0.8,,0.7,0.8243358792900921,0.1160252541303634
sparse_orl_0_8_4,./images/sparse_orl_0_8_4,sparse,orl,"['block_noise', 'blur_noise']",0.0,,0.8,0.8,,0.625,0.7853100849831983,0.1149779930710792
sparse_orl_0_10_0,./images/sparse_orl_0_10_0,sparse,orl,"['block_noise', 'blur_noise']",0.0,,1.0,1.0,,0.6194444444444445,0.79796400190679,0.1193232089281082
sparse_orl_0_10_1,./images/sparse_orl_0_10_1,sparse,orl,"['block_noise', 'blur_noise']",0.0,,1.0,1.0,,0.6444444444444445,0.8045452382586402,0.119772158563137
sparse_orl_0_10_2,./images/sparse_orl_0_10_2,sparse,orl,"['block_noise', 'blur_noise']",0.0,,1.0,1.0,,0.6444444444444445,0.7994851872987314,0.11952605843544
sparse_orl_0_10_3,./images/sparse_orl_0_10_3,sparse,orl,"['block_noise', 'blur_noise']",0.0,,1.0,1.0,,0.6138888888888889,0.7911998829147492,0.1197634935379028
sparse_orl_0_10_4,./images/sparse_orl_0_10_4,sparse,orl,"['block_noise', 'blur_noise']",0.0,,1.0,1.0,,0.6305555555555555,0.8026280042828079,0.1195347681641578
multiplicative_update_orl_0_0_0,./images/multiplicative_update_orl_0_0_0,multiplicative_update,orl,"['block_noise', 'blur_noise']",0.0,,,,0.0,0.6138888888888889,0.8010496721699653,0.1100237518548965
multiplicative_update_orl_0_0_1,./images/multiplicative_update_orl_0_0_1,multiplicative_update,orl,"['block_noise', 'blur_noise']",0.0,,,,0.0,0.6722222222222223,0.822280739903323,0.109479084610939
multiplicative_update_orl_0_0_2,./images/multiplicative_update_orl_0_0_2,multiplicative_update,orl,"['block_noise', 'blur_noise']",0.0,,,,0.0,0.675,0.8215216592271611,0.109351597726345
multiplicative_update_orl_0_0_3,./images/multiplicative_update_orl_0_0_3,multiplicative_update,orl,"['block_noise', 'blur_noise']",0.0,,,,0.0,0.6527777777777778,0.8093071753700763,0.1099836900830268
multiplicative_update_orl_0_0_4,./images/multiplicative_update_orl_0_0_4,multiplicative_update,orl,"['block_noise', 'blur_noise']",0.0,,,,0.0,0.6472222222222223,0.8080765099890158,0.1097775027155876
robust_orl_15_5_0,./images/robust_orl_15_5_0,robust,orl,"['block_noise', 'blur_noise']",0.15,0.5,,,,0.5138888888888888,0.7218862572122889,0.1607983112335205
robust_orl_15_5_1,./images/robust_orl_15_5_1,robust,orl,"['block_noise', 'blur_noise']",0.15,0.5,,,,0.5638888888888889,0.7343655471639483,0.1606705486774444
robust_orl_15_5_2,./images/robust_orl_15_5_2,robust,orl,"['block_noise', 'blur_noise']",0.15,0.5,,,,0.55,0.7417950458228345,0.1604514718055725
robust_orl_15_5_3,./images/robust_orl_15_5_3,robust,orl,"['block_noise', 'blur_noise']",0.15,0.5,,,,0.5472222222222223,0.7276084598832078,0.160989373922348
robust_orl_15_5_4,./images/robust_orl_15_5_4,robust,orl,"['block_noise', 'blur_noise']",0.15,0.5,,,,0.5555555555555556,0.7370474851094143,0.1603493094444275
robust_orl_15_8_0,./images/robust_orl_15_8_0,robust,orl,"['block_noise', 'blur_noise']",0.15,0.8,,,,0.5583333333333333,0.742042573019273,0.1584946364164352
robust_orl_15_8_1,./images/robust_orl_15_8_1,robust,orl,"['block_noise', 'blur_noise']",0.15,0.8,,,,0.5444444444444444,0.7301627756879371,0.1579346656799316
robust_orl_15_8_2,./images/robust_orl_15_8_2,robust,orl,"['block_noise', 'blur_noise']",0.15,0.8,,,,0.6027777777777777,0.7598164304093759,0.1588871330022812
robust_orl_15_8_3,./images/robust_orl_15_8_3,robust,orl,"['block_noise', 'blur_noise']",0.15,0.8,,,,0.5583333333333333,0.7474756782914946,0.1575606316328048
robust_orl_15_8_4,./images/robust_orl_15_8_4,robust,orl,"['block_noise', 'blur_noise']",0.15,0.8,,,,0.5694444444444444,0.7396185400453756,0.1590536534786224
robust_orl_15_10_0,./images/robust_orl_15_10_0,robust,orl,"['block_noise', 'blur_noise']",0.15,1.0,,,,0.525,0.7180794456878107,0.1568744629621505
robust_orl_15_10_1,./images/robust_orl_15_10_1,robust,orl,"['block_noise', 'blur_noise']",0.15,1.0,,,,0.5722222222222222,0.7460697096878691,0.1599760353565216
robust_orl_15_10_2,./images/robust_orl_15_10_2,robust,orl,"['block_noise', 'blur_noise']",0.15,1.0,,,,0.5722222222222222,0.7445604200633766,0.1577504426240921
robust_orl_15_10_3,./images/robust_orl_15_10_3,robust,orl,"['block_noise', 'blur_noise']",0.15,1.0,,,,0.5555555555555556,0.7506768347438829,0.1568783223628997
robust_orl_15_10_4,./images/robust_orl_15_10_4,robust,orl,"['block_noise', 'blur_noise']",0.15,1.0,,,,0.5472222222222223,0.735252170897936,0.1574609875679016
sparse_orl_15_5_0,./images/sparse_orl_15_5_0,sparse,orl,"['block_noise', 'blur_noise']",0.15,,0.5,0.5,,0.6194444444444445,0.7890280356347131,0.1114849001169204
sparse_orl_15_5_1,./images/sparse_orl_15_5_1,sparse,orl,"['block_noise', 'blur_noise']",0.15,,0.5,0.5,,0.6416666666666667,0.792543898019984,0.1110895797610282
sparse_orl_15_5_2,./images/sparse_orl_15_5_2,sparse,orl,"['block_noise', 'blur_noise']",0.15,,0.5,0.5,,0.575,0.7647221634375172,0.1109212264418602
sparse_orl_15_5_3,./images/sparse_orl_15_5_3,sparse,orl,"['block_noise', 'blur_noise']",0.15,,0.5,0.5,,0.6944444444444444,0.8206155706327711,0.110898956656456
sparse_orl_15_5_4,./images/sparse_orl_15_5_4,sparse,orl,"['block_noise', 'blur_noise']",0.15,,0.5,0.5,,0.6222222222222222,0.7902855049263049,0.1108387187123298
sparse_orl_15_8_0,./images/sparse_orl_15_8_0,sparse,orl,"['block_noise', 'blur_noise']",0.15,,0.8,0.8,,0.6083333333333333,0.760885417691903,0.1155368164181709
sparse_orl_15_8_1,./images/sparse_orl_15_8_1,sparse,orl,"['block_noise', 'blur_noise']",0.15,,0.8,0.8,,0.6277777777777778,0.8030751996955517,0.115490898489952
sparse_orl_15_8_2,./images/sparse_orl_15_8_2,sparse,orl,"['block_noise', 'blur_noise']",0.15,,0.8,0.8,,0.625,0.7944603298149938,0.1165429875254631
sparse_orl_15_8_3,./images/sparse_orl_15_8_3,sparse,orl,"['block_noise', 'blur_noise']",0.15,,0.8,0.8,,0.6277777777777778,0.7892230165180666,0.1143025532364845
sparse_orl_15_8_4,./images/sparse_orl_15_8_4,sparse,orl,"['block_noise', 'blur_noise']",0.15,,0.8,0.8,,0.625,0.7979311928187013,0.1154853254556655
sparse_orl_15_10_0,./images/sparse_orl_15_10_0,sparse,orl,"['block_noise', 'blur_noise']",0.15,,1.0,1.0,,0.5888888888888889,0.7743126638653599,0.1188592389225959
sparse_orl_15_10_1,./images/sparse_orl_15_10_1,sparse,orl,"['block_noise', 'blur_noise']",0.15,,1.0,1.0,,0.6138888888888889,0.7922832269936165,0.1192676424980163
sparse_orl_15_10_2,./images/sparse_orl_15_10_2,sparse,orl,"['block_noise', 'blur_noise']",0.15,,1.0,1.0,,0.6083333333333333,0.7843122102361207,0.1203411668539047
sparse_orl_15_10_3,./images/sparse_orl_15_10_3,sparse,orl,"['block_noise', 'blur_noise']",0.15,,1.0,1.0,,0.5972222222222222,0.7632613390192615,0.1202484890818595
sparse_orl_15_10_4,./images/sparse_orl_15_10_4,sparse,orl,"['block_noise', 'blur_noise']",0.15,,1.0,1.0,,0.6111111111111112,0.7743070658456699,0.1189624667167663
multiplicative_update_orl_15_0_0,./images/multiplicative_update_orl_15_0_0,multiplicative_update,orl,"['block_noise', 'blur_noise']",0.15,,,,0.0,0.5694444444444444,0.7437619199780812,0.1094071343541145
multiplicative_update_orl_15_0_1,./images/multiplicative_update_orl_15_0_1,multiplicative_update,orl,"['block_noise', 'blur_noise']",0.15,,,,0.0,0.6555555555555556,0.8067586560596802,0.110338307917118
multiplicative_update_orl_15_0_2,./images/multiplicative_update_orl_15_0_2,multiplicative_update,orl,"['block_noise', 'blur_noise']",0.15,,,,0.0,0.6277777777777778,0.7965404124725323,0.1096548587083816
multiplicative_update_orl_15_0_3,./images/multiplicative_update_orl_15_0_3,multiplicative_update,orl,"['block_noise', 'blur_noise']",0.15,,,,0.0,0.5666666666666667,0.7692165410326316,0.1099032759666442
multiplicative_update_orl_15_0_4,./images/multiplicative_update_orl_15_0_4,multiplicative_update,orl,"['block_noise', 'blur_noise']",0.15,,,,0.0,0.575,0.7684796595919523,0.1102463603019714
robust_orl_40_5_0,./images/robust_orl_40_5_0,robust,orl,"['block_noise', 'blur_noise']",0.4,0.5,,,,0.4833333333333333,0.6844135111702475,0.1618837565183639
robust_orl_40_5_1,./images/robust_orl_40_5_1,robust,orl,"['block_noise', 'blur_noise']",0.4,0.5,,,,0.5138888888888888,0.7010588728840079,0.161223292350769
robust_orl_40_5_2,./images/robust_orl_40_5_2,robust,orl,"['block_noise', 'blur_noise']",0.4,0.5,,,,0.4972222222222222,0.6837469497791215,0.1640559732913971
robust_orl_40_5_3,./images/robust_orl_40_5_3,robust,orl,"['block_noise', 'blur_noise']",0.4,0.5,,,,0.4333333333333333,0.651829761764511,0.1624100804328918
robust_orl_40_5_4,./images/robust_orl_40_5_4,robust,orl,"['block_noise', 'blur_noise']",0.4,0.5,,,,0.4805555555555555,0.6861642828412992,0.16045843064785
robust_orl_40_8_0,./images/robust_orl_40_8_0,robust,orl,"['block_noise', 'blur_noise']",0.4,0.8,,,,0.4972222222222222,0.6905812376613033,0.1595922410488128
robust_orl_40_8_1,./images/robust_orl_40_8_1,robust,orl,"['block_noise', 'blur_noise']",0.4,0.8,,,,0.5138888888888888,0.7027520597899471,0.1584024727344513
robust_orl_40_8_2,./images/robust_orl_40_8_2,robust,orl,"['block_noise', 'blur_noise']",0.4,0.8,,,,0.5,0.6836281437234256,0.1589886397123336
robust_orl_40_8_3,./images/robust_orl_40_8_3,robust,orl,"['block_noise', 'blur_noise']",0.4,0.8,,,,0.5,0.6921033588373496,0.1591501235961914
robust_orl_40_8_4,./images/robust_orl_40_8_4,robust,orl,"['block_noise', 'blur_noise']",0.4,0.8,,,,0.5444444444444444,0.7100405063457143,0.1585760563611984
robust_orl_40_10_0,./images/robust_orl_40_10_0,robust,orl,"['block_noise', 'blur_noise']",0.4,1.0,,,,0.5111111111111111,0.6949151323470448,0.1588267832994461
robust_orl_40_10_1,./images/robust_orl_40_10_1,robust,orl,"['block_noise', 'blur_noise']",0.4,1.0,,,,0.4916666666666666,0.6918348484853427,0.1580909639596939
robust_orl_40_10_2,./images/robust_orl_40_10_2,robust,orl,"['block_noise', 'blur_noise']",0.4,1.0,,,,0.4944444444444444,0.7075547292571522,0.1586927622556686
robust_orl_40_10_3,./images/robust_orl_40_10_3,robust,orl,"['block_noise', 'blur_noise']",0.4,1.0,,,,0.5138888888888888,0.6932624120360363,0.1589872986078262
robust_orl_40_10_4,./images/robust_orl_40_10_4,robust,orl,"['block_noise', 'blur_noise']",0.4,1.0,,,,0.5166666666666667,0.7068923395610874,0.1584646701812744
sparse_orl_40_5_0,./images/sparse_orl_40_5_0,sparse,orl,"['block_noise', 'blur_noise']",0.4,,0.5,0.5,,0.55,0.7238390648524919,0.1086724773049354
sparse_orl_40_5_1,./images/sparse_orl_40_5_1,sparse,orl,"['block_noise', 'blur_noise']",0.4,,0.5,0.5,,0.5527777777777778,0.7391335277272301,0.1082239747047424
sparse_orl_40_5_2,./images/sparse_orl_40_5_2,sparse,orl,"['block_noise', 'blur_noise']",0.4,,0.5,0.5,,0.5777777777777777,0.7395976811937669,0.1092596054077148
sparse_orl_40_5_3,./images/sparse_orl_40_5_3,sparse,orl,"['block_noise', 'blur_noise']",0.4,,0.5,0.5,,0.5555555555555556,0.7346530664010239,0.1078901812434196
sparse_orl_40_5_4,./images/sparse_orl_40_5_4,sparse,orl,"['block_noise', 'blur_noise']",0.4,,0.5,0.5,,0.5388888888888889,0.7285588563595856,0.1088193282485008
sparse_orl_40_8_0,./images/sparse_orl_40_8_0,sparse,orl,"['block_noise', 'blur_noise']",0.4,,0.8,0.8,,0.5361111111111111,0.7127626437803036,0.1133389919996261
sparse_orl_40_8_1,./images/sparse_orl_40_8_1,sparse,orl,"['block_noise', 'blur_noise']",0.4,,0.8,0.8,,0.5527777777777778,0.7305819847533802,0.1125795915722847
sparse_orl_40_8_2,./images/sparse_orl_40_8_2,sparse,orl,"['block_noise', 'blur_noise']",0.4,,0.8,0.8,,0.55,0.7437999096498489,0.1126262843608856
sparse_orl_40_8_3,./images/sparse_orl_40_8_3,sparse,orl,"['block_noise', 'blur_noise']",0.4,,0.8,0.8,,0.5472222222222223,0.7194786001813136,0.1124990805983543
sparse_orl_40_8_4,./images/sparse_orl_40_8_4,sparse,orl,"['block_noise', 'blur_noise']",0.4,,0.8,0.8,,0.5833333333333334,0.7425728159913794,0.1130769923329353
sparse_orl_40_10_0,./images/sparse_orl_40_10_0,sparse,orl,"['block_noise', 'blur_noise']",0.4,,1.0,1.0,,0.5638888888888889,0.7334096311296805,0.1181004121899604
sparse_orl_40_10_1,./images/sparse_orl_40_10_1,sparse,orl,"['block_noise', 'blur_noise']",0.4,,1.0,1.0,,0.6111111111111112,0.7697142904845423,0.1171468198299408
sparse_orl_40_10_2,./images/sparse_orl_40_10_2,sparse,orl,"['block_noise', 'blur_noise']",0.4,,1.0,1.0,,0.5555555555555556,0.7208223484953539,0.1189150512218475
sparse_orl_40_10_3,./images/sparse_orl_40_10_3,sparse,orl,"['block_noise', 'blur_noise']",0.4,,1.0,1.0,,0.5055555555555555,0.6952672027738925,0.1173578053712844
sparse_orl_40_10_4,./images/sparse_orl_40_10_4,sparse,orl,"['block_noise', 'blur_noise']",0.4,,1.0,1.0,,0.5444444444444444,0.71934105925771,0.1186241582036018
multiplicative_update_orl_40_0_0,./images/multiplicative_update_orl_40_0_0,multiplicative_update,orl,"['block_noise', 'blur_noise']",0.4,,,,0.0,0.6083333333333333,0.7522737394201633,0.1076106950640678
multiplicative_update_orl_40_0_1,./images/multiplicative_update_orl_40_0_1,multiplicative_update,orl,"['block_noise', 'blur_noise']",0.4,,,,0.0,0.5333333333333333,0.691228553212418,0.1084048822522163
multiplicative_update_orl_40_0_2,./images/multiplicative_update_orl_40_0_2,multiplicative_update,orl,"['block_noise', 'blur_noise']",0.4,,,,0.0,0.5888888888888889,0.7414195896255662,0.1080632731318473
multiplicative_update_orl_40_0_3,./images/multiplicative_update_orl_40_0_3,multiplicative_update,orl,"['block_noise', 'blur_noise']",0.4,,,,0.0,0.5722222222222222,0.751158873508573,0.1068940013647079
multiplicative_update_orl_40_0_4,./images/multiplicative_update_orl_40_0_4,multiplicative_update,orl,"['block_noise', 'blur_noise']",0.4,,,,0.0,0.5444444444444444,0.7192084548770299,0.1089087724685669
robust_orl_70_5_0,./images/robust_orl_70_5_0,robust,orl,"['block_noise', 'blur_noise']",0.7,0.5,,,,0.3944444444444444,0.6034207002128559,0.1589299887418747
robust_orl_70_5_1,./images/robust_orl_70_5_1,robust,orl,"['block_noise', 'blur_noise']",0.7,0.5,,,,0.4194444444444444,0.6193909321861368,0.1617060303688049
robust_orl_70_5_2,./images/robust_orl_70_5_2,robust,orl,"['block_noise', 'blur_noise']",0.7,0.5,,,,0.475,0.6481752850770792,0.1606449782848358
robust_orl_70_5_3,./images/robust_orl_70_5_3,robust,orl,"['block_noise', 'blur_noise']",0.7,0.5,,,,0.4388888888888889,0.6413346497673555,0.1598916798830032
robust_orl_70_5_4,./images/robust_orl_70_5_4,robust,orl,"['block_noise', 'blur_noise']",0.7,0.5,,,,0.4277777777777777,0.6225942806313086,0.1623503118753433
robust_orl_70_8_0,./images/robust_orl_70_8_0,robust,orl,"['block_noise', 'blur_noise']",0.7,0.8,,,,0.4111111111111111,0.6267507524213733,0.156803697347641
robust_orl_70_8_1,./images/robust_orl_70_8_1,robust,orl,"['block_noise', 'blur_noise']",0.7,0.8,,,,0.4527777777777778,0.6409638429956591,0.1579796224832534
robust_orl_70_8_2,./images/robust_orl_70_8_2,robust,orl,"['block_noise', 'blur_noise']",0.7,0.8,,,,0.4222222222222222,0.618127521683214,0.1590338200330734
robust_orl_70_8_3,./images/robust_orl_70_8_3,robust,orl,"['block_noise', 'blur_noise']",0.7,0.8,,,,0.45,0.6305468292289201,0.1581678986549377
robust_orl_70_8_4,./images/robust_orl_70_8_4,robust,orl,"['block_noise', 'blur_noise']",0.7,0.8,,,,0.4444444444444444,0.6261967644833915,0.1588558405637741
robust_orl_70_10_0,./images/robust_orl_70_10_0,robust,orl,"['block_noise', 'blur_noise']",0.7,1.0,,,,0.4444444444444444,0.6433019883658712,0.1557718366384506
robust_orl_70_10_1,./images/robust_orl_70_10_1,robust,orl,"['block_noise', 'blur_noise']",0.7,1.0,,,,0.4666666666666667,0.6392040971718479,0.1561163961887359
robust_orl_70_10_2,./images/robust_orl_70_10_2,robust,orl,"['block_noise', 'blur_noise']",0.7,1.0,,,,0.4138888888888888,0.6161726327409645,0.1569449603557586
robust_orl_70_10_3,./images/robust_orl_70_10_3,robust,orl,"['block_noise', 'blur_noise']",0.7,1.0,,,,0.4361111111111111,0.6417018974871435,0.1577447205781936
robust_orl_70_10_4,./images/robust_orl_70_10_4,robust,orl,"['block_noise', 'blur_noise']",0.7,1.0,,,,0.4333333333333333,0.6349665472329508,0.1562011986970901
sparse_orl_70_5_0,./images/sparse_orl_70_5_0,sparse,orl,"['block_noise', 'blur_noise']",0.7,,0.5,0.5,,0.4777777777777778,0.652976926086783,0.105844646692276
sparse_orl_70_5_1,./images/sparse_orl_70_5_1,sparse,orl,"['block_noise', 'blur_noise']",0.7,,0.5,0.5,,0.475,0.6612067628230475,0.1051017567515373
sparse_orl_70_5_2,./images/sparse_orl_70_5_2,sparse,orl,"['block_noise', 'blur_noise']",0.7,,0.5,0.5,,0.4361111111111111,0.6260125369461599,0.1061237007379531
sparse_orl_70_5_3,./images/sparse_orl_70_5_3,sparse,orl,"['block_noise', 'blur_noise']",0.7,,0.5,0.5,,0.4722222222222222,0.6608031367378867,0.1055011227726936
sparse_orl_70_5_4,./images/sparse_orl_70_5_4,sparse,orl,"['block_noise', 'blur_noise']",0.7,,0.5,0.5,,0.4833333333333333,0.6542857010928494,0.106057696044445
sparse_orl_70_8_0,./images/sparse_orl_70_8_0,sparse,orl,"['block_noise', 'blur_noise']",0.7,,0.8,0.8,,0.4777777777777778,0.6648790702193647,0.1098263710737228
sparse_orl_70_8_1,./images/sparse_orl_70_8_1,sparse,orl,"['block_noise', 'blur_noise']",0.7,,0.8,0.8,,0.4305555555555556,0.6338242470384147,0.1107716187834739
sparse_orl_70_8_2,./images/sparse_orl_70_8_2,sparse,orl,"['block_noise', 'blur_noise']",0.7,,0.8,0.8,,0.4972222222222222,0.6785777160651616,0.1105271130800247
sparse_orl_70_8_3,./images/sparse_orl_70_8_3,sparse,orl,"['block_noise', 'blur_noise']",0.7,,0.8,0.8,,0.4777777777777778,0.6578156232017529,0.1095318868756294
sparse_orl_70_8_4,./images/sparse_orl_70_8_4,sparse,orl,"['block_noise', 'blur_noise']",0.7,,0.8,0.8,,0.5111111111111111,0.6751362085187655,0.1092889755964279
sparse_orl_70_10_0,./images/sparse_orl_70_10_0,sparse,orl,"['block_noise', 'blur_noise']",0.7,,1.0,1.0,,0.4972222222222222,0.671090412434442,0.1142661198973655
sparse_orl_70_10_1,./images/sparse_orl_70_10_1,sparse,orl,"['block_noise', 'blur_noise']",0.7,,1.0,1.0,,0.4166666666666667,0.627948309409742,0.1154070496559143
sparse_orl_70_10_2,./images/sparse_orl_70_10_2,sparse,orl,"['block_noise', 'blur_noise']",0.7,,1.0,1.0,,0.4583333333333333,0.6533338552897953,0.1138370409607887
sparse_orl_70_10_3,./images/sparse_orl_70_10_3,sparse,orl,"['block_noise', 'blur_noise']",0.7,,1.0,1.0,,0.4305555555555556,0.6244107252652291,0.1152043938636779
sparse_orl_70_10_4,./images/sparse_orl_70_10_4,sparse,orl,"['block_noise', 'blur_noise']",0.7,,1.0,1.0,,0.5,0.6506160560546052,0.1133443191647529
multiplicative_update_orl_70_0_0,./images/multiplicative_update_orl_70_0_0,multiplicative_update,orl,"['block_noise', 'blur_noise']",0.7,,,,0.0,0.4777777777777778,0.6523522152658537,0.1044363006949424
multiplicative_update_orl_70_0_1,./images/multiplicative_update_orl_70_0_1,multiplicative_update,orl,"['block_noise', 'blur_noise']",0.7,,,,0.0,0.4361111111111111,0.6375292773248111,0.1040134951472282
multiplicative_update_orl_70_0_2,./images/multiplicative_update_orl_70_0_2,multiplicative_update,orl,"['block_noise', 'blur_noise']",0.7,,,,0.0,0.425,0.6370569516511583,0.1044380143284797
multiplicative_update_orl_70_0_3,./images/multiplicative_update_orl_70_0_3,multiplicative_update,orl,"['block_noise', 'blur_noise']",0.7,,,,0.0,0.4444444444444444,0.6327813752388562,0.1059062182903289
multiplicative_update_orl_70_0_4,./images/multiplicative_update_orl_70_0_4,multiplicative_update,orl,"['block_noise', 'blur_noise']",0.7,,,,0.0,0.4055555555555555,0.608521527192861,0.1057501286268234
robust_orl_100_5_0,./images/robust_orl_100_5_0,robust,orl,"['block_noise', 'blur_noise']",1.0,0.5,,,,0.3583333333333333,0.5561215697198024,0.1580391228199005
robust_orl_100_5_1,./images/robust_orl_100_5_1,robust,orl,"['block_noise', 'blur_noise']",1.0,0.5,,,,0.3722222222222222,0.5613318075809265,0.1593998521566391
robust_orl_100_5_2,./images/robust_orl_100_5_2,robust,orl,"['block_noise', 'blur_noise']",1.0,0.5,,,,0.3222222222222222,0.5378162900419312,0.1579327583312988
robust_orl_100_5_3,./images/robust_orl_100_5_3,robust,orl,"['block_noise', 'blur_noise']",1.0,0.5,,,,0.3638888888888889,0.5717168516456782,0.1582087129354477
robust_orl_100_5_4,./images/robust_orl_100_5_4,robust,orl,"['block_noise', 'blur_noise']",1.0,0.5,,,,0.3444444444444444,0.5337285285780117,0.1580119282007217
robust_orl_100_8_0,./images/robust_orl_100_8_0,robust,orl,"['block_noise', 'blur_noise']",1.0,0.8,,,,0.35,0.5469378626091853,0.1547014713287353
robust_orl_100_8_1,./images/robust_orl_100_8_1,robust,orl,"['block_noise', 'blur_noise']",1.0,0.8,,,,0.3611111111111111,0.5595012536523779,0.1549679338932037
robust_orl_100_8_2,./images/robust_orl_100_8_2,robust,orl,"['block_noise', 'blur_noise']",1.0,0.8,,,,0.3694444444444444,0.5547742401365275,0.1555054783821106
robust_orl_100_8_3,./images/robust_orl_100_8_3,robust,orl,"['block_noise', 'blur_noise']",1.0,0.8,,,,0.375,0.5697729707751167,0.1573187410831451
robust_orl_100_8_4,./images/robust_orl_100_8_4,robust,orl,"['block_noise', 'blur_noise']",1.0,0.8,,,,0.3277777777777778,0.5319414831612821,0.157082512974739
robust_orl_100_10_0,./images/robust_orl_100_10_0,robust,orl,"['block_noise', 'blur_noise']",1.0,1.0,,,,0.3305555555555555,0.5299150602095293,0.155764639377594
robust_orl_100_10_1,./images/robust_orl_100_10_1,robust,orl,"['block_noise', 'blur_noise']",1.0,1.0,,,,0.3361111111111111,0.5431605727831966,0.1545141190290451
robust_orl_100_10_2,./images/robust_orl_100_10_2,robust,orl,"['block_noise', 'blur_noise']",1.0,1.0,,,,0.3944444444444444,0.584528538901563,0.1553398519754409
robust_orl_100_10_3,./images/robust_orl_100_10_3,robust,orl,"['block_noise', 'blur_noise']",1.0,1.0,,,,0.3611111111111111,0.5612930455742992,0.1553144752979278
robust_orl_100_10_4,./images/robust_orl_100_10_4,robust,orl,"['block_noise', 'blur_noise']",1.0,1.0,,,,0.3666666666666666,0.5573388506305943,0.1544976979494094
sparse_orl_100_5_0,./images/sparse_orl_100_5_0,sparse,orl,"['block_noise', 'blur_noise']",1.0,,0.5,0.5,,0.3861111111111111,0.5673462032577734,0.102781593799591
sparse_orl_100_5_1,./images/sparse_orl_100_5_1,sparse,orl,"['block_noise', 'blur_noise']",1.0,,0.5,0.5,,0.3333333333333333,0.5394399405215401,0.1022733300924301
sparse_orl_100_5_2,./images/sparse_orl_100_5_2,sparse,orl,"['block_noise', 'blur_noise']",1.0,,0.5,0.5,,0.3694444444444444,0.5571524324337448,0.1024252697825431
sparse_orl_100_5_3,./images/sparse_orl_100_5_3,sparse,orl,"['block_noise', 'blur_noise']",1.0,,0.5,0.5,,0.4,0.576253933876991,0.101976454257965
sparse_orl_100_5_4,./images/sparse_orl_100_5_4,sparse,orl,"['block_noise', 'blur_noise']",1.0,,0.5,0.5,,0.4111111111111111,0.6072280383510549,0.1024238243699073
sparse_orl_100_8_0,./images/sparse_orl_100_8_0,sparse,orl,"['block_noise', 'blur_noise']",1.0,,0.8,0.8,,0.35,0.5422031529047528,0.1059097945690155
sparse_orl_100_8_1,./images/sparse_orl_100_8_1,sparse,orl,"['block_noise', 'blur_noise']",1.0,,0.8,0.8,,0.4277777777777777,0.6132722782633534,0.1056794747710228
sparse_orl_100_8_2,./images/sparse_orl_100_8_2,sparse,orl,"['block_noise', 'blur_noise']",1.0,,0.8,0.8,,0.3777777777777777,0.5633090210442525,0.1058332175016403
sparse_orl_100_8_3,./images/sparse_orl_100_8_3,sparse,orl,"['block_noise', 'blur_noise']",1.0,,0.8,0.8,,0.4055555555555555,0.5998876893865035,0.1072104126214981
sparse_orl_100_8_4,./images/sparse_orl_100_8_4,sparse,orl,"['block_noise', 'blur_noise']",1.0,,0.8,0.8,,0.3611111111111111,0.5436014637550984,0.1074655577540397
sparse_orl_100_10_0,./images/sparse_orl_100_10_0,sparse,orl,"['block_noise', 'blur_noise']",1.0,,1.0,1.0,,0.3416666666666667,0.5328691160040979,0.1094408482313156
sparse_orl_100_10_1,./images/sparse_orl_100_10_1,sparse,orl,"['block_noise', 'blur_noise']",1.0,,1.0,1.0,,0.3833333333333333,0.5762376947983169,0.1099335998296737
sparse_orl_100_10_2,./images/sparse_orl_100_10_2,sparse,orl,"['block_noise', 'blur_noise']",1.0,,1.0,1.0,,0.3583333333333333,0.5589736428977259,0.1107944324612617
sparse_orl_100_10_3,./images/sparse_orl_100_10_3,sparse,orl,"['block_noise', 'blur_noise']",1.0,,1.0,1.0,,0.3527777777777778,0.5504488259744701,0.1093306317925453
sparse_orl_100_10_4,./images/sparse_orl_100_10_4,sparse,orl,"['block_noise', 'blur_noise']",1.0,,1.0,1.0,,0.3472222222222222,0.5492349100048114,0.1106592714786529
multiplicative_update_orl_100_0_0,./images/multiplicative_update_orl_100_0_0,multiplicative_update,orl,"['block_noise', 'blur_noise']",1.0,,,,0.0,0.4194444444444444,0.6057919123247925,0.1010525599122047
multiplicative_update_orl_100_0_1,./images/multiplicative_update_orl_100_0_1,multiplicative_update,orl,"['block_noise', 'blur_noise']",1.0,,,,0.0,0.3916666666666666,0.5906999630404086,0.1004136428236961
multiplicative_update_orl_100_0_2,./images/multiplicative_update_orl_100_0_2,multiplicative_update,orl,"['block_noise', 'blur_noise']",1.0,,,,0.0,0.3777777777777777,0.566171706773057,0.1004948914051055
multiplicative_update_orl_100_0_3,./images/multiplicative_update_orl_100_0_3,multiplicative_update,orl,"['block_noise', 'blur_noise']",1.0,,,,0.0,0.3527777777777778,0.5511548943347108,0.1003007218241691
multiplicative_update_orl_100_0_4,./images/multiplicative_update_orl_100_0_4,multiplicative_update,orl,"['block_noise', 'blur_noise']",1.0,,,,0.0,0.3833333333333333,0.5788762179234085,0.1010221317410469
robust_yaleB_0_1_0,./images/robust_yaleB_0_1_0,robust,yaleB,"['block_noise', 'blur_noise']",0.0,0.1,,,,0.1229281767955801,0.1581422882615384,0.1018745303153991
robust_yaleB_0_1_1,./images/robust_yaleB_0_1_1,robust,yaleB,"['block_noise', 'blur_noise']",0.0,0.1,,,,0.1224677716390423,0.1355811941930336,0.1008346676826477
robust_yaleB_0_1_2,./images/robust_yaleB_0_1_2,robust,yaleB,"['block_noise', 'blur_noise']",0.0,0.1,,,,0.1289134438305709,0.1414151374879059,0.1022507026791572
robust_yaleB_0_1_3,./images/robust_yaleB_0_1_3,robust,yaleB,"['block_noise', 'blur_noise']",0.0,0.1,,,,0.1160220994475138,0.1394306730875168,0.1017539128661155
robust_yaleB_0_1_4,./images/robust_yaleB_0_1_4,robust,yaleB,"['block_noise', 'blur_noise']",0.0,0.1,,,,0.1252302025782689,0.1419848446056746,0.1022891849279403
robust_yaleB_0_20_0,./images/robust_yaleB_0_20_0,robust,yaleB,"['block_noise', 'blur_noise']",0.0,2.0,,,,0.1307550644567219,0.1544160152167857,0.0860811173915863
robust_yaleB_0_20_1,./images/robust_yaleB_0_20_1,robust,yaleB,"['block_noise', 'blur_noise']",0.0,2.0,,,,0.1362799263351749,0.1708206237459709,0.0858969241380691
robust_yaleB_0_20_2,./images/robust_yaleB_0_20_2,robust,yaleB,"['block_noise', 'blur_noise']",0.0,2.0,,,,0.1362799263351749,0.1409510418740144,0.086602121591568
robust_yaleB_0_20_3,./images/robust_yaleB_0_20_3,robust,yaleB,"['block_noise', 'blur_noise']",0.0,2.0,,,,0.1353591160220994,0.1650883563664889,0.0864474847912788
robust_yaleB_0_20_4,./images/robust_yaleB_0_20_4,robust,yaleB,"['block_noise', 'blur_noise']",0.0,2.0,,,,0.1284530386740331,0.1659986499605008,0.085898220539093
sparse_yaleB_0_0_0,./images/sparse_yaleB_0_0_0,sparse,yaleB,"['block_noise', 'blur_noise']",0.0,,0.0,0.0,,0.1215469613259668,0.1441339885490196,0.098238319158554
sparse_yaleB_0_0_1,./images/sparse_yaleB_0_0_1,sparse,yaleB,"['block_noise', 'blur_noise']",0.0,,0.0,0.0,,0.1197053406998158,0.1485171156916136,0.0982427224516868
sparse_yaleB_0_0_2,./images/sparse_yaleB_0_0_2,sparse,yaleB,"['block_noise', 'blur_noise']",0.0,,0.0,0.0,,0.1164825046040515,0.119872094574957,0.0979376286268234
sparse_yaleB_0_0_3,./images/sparse_yaleB_0_0_3,sparse,yaleB,"['block_noise', 'blur_noise']",0.0,,0.0,0.0,,0.1335174953959484,0.1605822527215415,0.0985909476876258
sparse_yaleB_0_0_4,./images/sparse_yaleB_0_0_4,sparse,yaleB,"['block_noise', 'blur_noise']",0.0,,0.0,0.0,,0.1275322283609576,0.1558250487114194,0.0979177802801132
sparse_yaleB_0_100_0,./images/sparse_yaleB_0_100_0,sparse,yaleB,"['block_noise', 'blur_noise']",0.0,,10.0,10.0,,0.0741252302025782,0.0623817301055721,0.1621866673231125
sparse_yaleB_0_100_1,./images/sparse_yaleB_0_100_1,sparse,yaleB,"['block_noise', 'blur_noise']",0.0,,10.0,10.0,,0.078268876611418,0.0699582053987214,0.1612851768732071
sparse_yaleB_0_100_2,./images/sparse_yaleB_0_100_2,sparse,yaleB,"['block_noise', 'blur_noise']",0.0,,10.0,10.0,,0.0718232044198895,0.0638211589047236,0.1615734845399856
sparse_yaleB_0_100_3,./images/sparse_yaleB_0_100_3,sparse,yaleB,"['block_noise', 'blur_noise']",0.0,,10.0,10.0,,0.0856353591160221,0.1051166802270728,0.1618639379739761
sparse_yaleB_0_100_4,./images/sparse_yaleB_0_100_4,sparse,yaleB,"['block_noise', 'blur_noise']",0.0,,10.0,10.0,,0.0842541436464088,0.0801341782933945,0.1569970399141311
robust_yaleB_15_1_0,./images/robust_yaleB_15_1_0,robust,yaleB,"['block_noise', 'blur_noise']",0.15,0.1,,,,0.1127992633517495,0.1467149518764329,0.1055530980229377
robust_yaleB_15_1_1,./images/robust_yaleB_15_1_1,robust,yaleB,"['block_noise', 'blur_noise']",0.15,0.1,,,,0.1256906077348066,0.1631911348324024,0.1064660251140594
robust_yaleB_15_1_2,./images/robust_yaleB_15_1_2,robust,yaleB,"['block_noise', 'blur_noise']",0.15,0.1,,,,0.1146408839779005,0.1212801320177567,0.1053347960114479
robust_yaleB_15_1_3,./images/robust_yaleB_15_1_3,robust,yaleB,"['block_noise', 'blur_noise']",0.15,0.1,,,,0.1229281767955801,0.1514819247443138,0.1063668653368949
robust_yaleB_15_1_4,./images/robust_yaleB_15_1_4,robust,yaleB,"['block_noise', 'blur_noise']",0.15,0.1,,,,0.1169429097605893,0.1278931899846586,0.1057408601045608
robust_yaleB_15_20_0,./images/robust_yaleB_15_20_0,robust,yaleB,"['block_noise', 'blur_noise']",0.15,2.0,,,,0.1229281767955801,0.1408418284507062,0.09111238270998
robust_yaleB_15_20_1,./images/robust_yaleB_15_20_1,robust,yaleB,"['block_noise', 'blur_noise']",0.15,2.0,,,,0.1358195211786372,0.156249482298552,0.0913012251257896
robust_yaleB_15_20_2,./images/robust_yaleB_15_20_2,robust,yaleB,"['block_noise', 'blur_noise']",0.15,2.0,,,,0.1399631675874769,0.1697181534078704,0.0901640132069587
robust_yaleB_15_20_3,./images/robust_yaleB_15_20_3,robust,yaleB,"['block_noise', 'blur_noise']",0.15,2.0,,,,0.1256906077348066,0.1508043456305826,0.0902990624308586
robust_yaleB_15_20_4,./images/robust_yaleB_15_20_4,robust,yaleB,"['block_noise', 'blur_noise']",0.15,2.0,,,,0.1197053406998158,0.1274862172000905,0.0906089767813682
sparse_yaleB_15_0_0,./images/sparse_yaleB_15_0_0,sparse,yaleB,"['block_noise', 'blur_noise']",0.15,,0.0,0.0,,0.1266114180478821,0.1514335173341198,0.1017653420567512
sparse_yaleB_15_0_1,./images/sparse_yaleB_15_0_1,sparse,yaleB,"['block_noise', 'blur_noise']",0.15,,0.0,0.0,,0.1238489871086556,0.1358661773044003,0.102272130548954
sparse_yaleB_15_0_2,./images/sparse_yaleB_15_0_2,sparse,yaleB,"['block_noise', 'blur_noise']",0.15,,0.0,0.0,,0.115561694290976,0.125116448256746,0.1028468981385231
sparse_yaleB_15_0_3,./images/sparse_yaleB_15_0_3,sparse,yaleB,"['block_noise', 'blur_noise']",0.15,,0.0,0.0,,0.1123388581952117,0.1272328234098234,0.1022767946124076
sparse_yaleB_15_0_4,./images/sparse_yaleB_15_0_4,sparse,yaleB,"['block_noise', 'blur_noise']",0.15,,0.0,0.0,,0.1160220994475138,0.1424120966942479,0.1021194458007812
sparse_yaleB_15_100_0,./images/sparse_yaleB_15_100_0,sparse,yaleB,"['block_noise', 'blur_noise']",0.15,,10.0,10.0,,0.074585635359116,0.0527928804656038,0.1703663319349289
sparse_yaleB_15_100_1,./images/sparse_yaleB_15_100_1,sparse,yaleB,"['block_noise', 'blur_noise']",0.15,,10.0,10.0,,0.070902394106814,0.0653932463111966,0.1709938049316406
sparse_yaleB_15_100_2,./images/sparse_yaleB_15_100_2,sparse,yaleB,"['block_noise', 'blur_noise']",0.15,,10.0,10.0,,0.070902394106814,0.0573138309055435,0.1674917191267013
sparse_yaleB_15_100_3,./images/sparse_yaleB_15_100_3,sparse,yaleB,"['block_noise', 'blur_noise']",0.15,,10.0,10.0,,0.076427255985267,0.0693734667590454,0.1669987142086029
sparse_yaleB_15_100_4,./images/sparse_yaleB_15_100_4,sparse,yaleB,"['block_noise', 'blur_noise']",0.15,,10.0,10.0,,0.0847145488029466,0.1039816558388877,0.165654182434082
robust_yaleB_40_1_0,./images/robust_yaleB_40_1_0,robust,yaleB,"['block_noise', 'blur_noise']",0.4,0.1,,,,0.1022099447513812,0.119725649098747,0.1111857742071151
robust_yaleB_40_1_1,./images/robust_yaleB_40_1_1,robust,yaleB,"['block_noise', 'blur_noise']",0.4,0.1,,,,0.1114180478821362,0.1206152356166246,0.1104739755392074
robust_yaleB_40_1_2,./images/robust_yaleB_40_1_2,robust,yaleB,"['block_noise', 'blur_noise']",0.4,0.1,,,,0.1003683241252302,0.0973848184712941,0.1110474467277526
robust_yaleB_40_1_3,./images/robust_yaleB_40_1_3,robust,yaleB,"['block_noise', 'blur_noise']",0.4,0.1,,,,0.1123388581952117,0.1151018629611774,0.1117548570036888
robust_yaleB_40_1_4,./images/robust_yaleB_40_1_4,robust,yaleB,"['block_noise', 'blur_noise']",0.4,0.1,,,,0.0916206261510129,0.1029499462002501,0.1115133315324783
robust_yaleB_40_20_0,./images/robust_yaleB_40_20_0,robust,yaleB,"['block_noise', 'blur_noise']",0.4,2.0,,,,0.1022099447513812,0.1057293391028977,0.0949238091707229
robust_yaleB_40_20_1,./images/robust_yaleB_40_20_1,robust,yaleB,"['block_noise', 'blur_noise']",0.4,2.0,,,,0.1095764272559852,0.123834595846769,0.0957504734396934
robust_yaleB_40_20_2,./images/robust_yaleB_40_20_2,robust,yaleB,"['block_noise', 'blur_noise']",0.4,2.0,,,,0.1160220994475138,0.1142673532866455,0.0956189110875129
robust_yaleB_40_20_3,./images/robust_yaleB_40_20_3,robust,yaleB,"['block_noise', 'blur_noise']",0.4,2.0,,,,0.1141804788213628,0.1295873964564731,0.0955738276243209
robust_yaleB_40_20_4,./images/robust_yaleB_40_20_4,robust,yaleB,"['block_noise', 'blur_noise']",0.4,2.0,,,,0.1045119705340699,0.1312921642468612,0.0958379730582237
sparse_yaleB_40_0_0,./images/sparse_yaleB_40_0_0,sparse,yaleB,"['block_noise', 'blur_noise']",0.4,,0.0,0.0,,0.0971454880294659,0.094196423522317,0.106254257261753
sparse_yaleB_40_0_1,./images/sparse_yaleB_40_0_1,sparse,yaleB,"['block_noise', 'blur_noise']",0.4,,0.0,0.0,,0.111878453038674,0.1193797751216489,0.106627881526947
sparse_yaleB_40_0_2,./images/sparse_yaleB_40_0_2,sparse,yaleB,"['block_noise', 'blur_noise']",0.4,,0.0,0.0,,0.0994475138121546,0.1028666794065038,0.1062479764223098
sparse_yaleB_40_0_3,./images/sparse_yaleB_40_0_3,sparse,yaleB,"['block_noise', 'blur_noise']",0.4,,0.0,0.0,,0.0999079189686924,0.1101143579254448,0.1063599959015846
sparse_yaleB_40_0_4,./images/sparse_yaleB_40_0_4,sparse,yaleB,"['block_noise', 'blur_noise']",0.4,,0.0,0.0,,0.1114180478821362,0.1116437705051707,0.1063990369439125
sparse_yaleB_40_100_0,./images/sparse_yaleB_40_100_0,sparse,yaleB,"['block_noise', 'blur_noise']",0.4,,10.0,10.0,,0.083793738489871,0.0804370837758669,0.1700148731470108
sparse_yaleB_40_100_1,./images/sparse_yaleB_40_100_1,sparse,yaleB,"['block_noise', 'blur_noise']",0.4,,10.0,10.0,,0.0791896869244935,0.0678678913206871,0.1723396182060241
sparse_yaleB_40_100_2,./images/sparse_yaleB_40_100_2,sparse,yaleB,"['block_noise', 'blur_noise']",0.4,,10.0,10.0,,0.0842541436464088,0.0737890398245329,0.1684055477380752
sparse_yaleB_40_100_3,./images/sparse_yaleB_40_100_3,sparse,yaleB,"['block_noise', 'blur_noise']",0.4,,10.0,10.0,,0.0773480662983425,0.0747839922042694,0.1678392440080642
sparse_yaleB_40_100_4,./images/sparse_yaleB_40_100_4,sparse,yaleB,"['block_noise', 'blur_noise']",0.4,,10.0,10.0,,0.0768876611418047,0.0587407514154675,0.1690706610679626
robust_yaleB_0_0_0,./images/robust_yaleB_0_0_0,robust,yaleB,"['block_noise', 'blur_noise']",0.0,0.01,,,,0.07044198895027624,0.06483498376261604,0.48624613881111145
robust_yaleB_0_15_0,./images/robust_yaleB_0_15_0,robust,yaleB,"['block_noise', 'blur_noise']",0.0,1.5,,,,0.13075506445672191,0.15029618942313602,0.08622483909130096
robust_yaleB_15_0_0,./images/robust_yaleB_15_0_0,robust,yaleB,"['block_noise', 'blur_noise']",0.15,0.01,,,,0.07136279926335175,0.0692938271938615,0.48959988355636597
robust_yaleB_15_15_0,./images/robust_yaleB_15_15_0,robust,yaleB,"['block_noise', 'blur_noise']",0.15,1.5,,,,0.10957642725598526,0.12423312936030594,0.09021634608507156
robust_yaleB_40_0_0,./images/robust_yaleB_40_0_0,robust,yaleB,"['block_noise', 'blur_noise']",0.4,0.01,,,,0.06721915285451197,0.0557372588532243,0.4836372435092926
robust_yaleB_40_15_0,./images/robust_yaleB_40_15_0,robust,yaleB,"['block_noise', 'blur_noise']",0.4,1.5,,,,0.1151012891344383,0.12066782923439981,0.09527362138032913
robust_yaleB_70_0_0,./images/robust_yaleB_70_0_0,robust,yaleB,"['block_noise', 'blur_noise']",0.7,0.01,,,,0.06813996316758748,0.0684106213867531,0.4889978766441345
robust_yaleB_70_15_0,./images/robust_yaleB_70_15_0,robust,yaleB,"['block_noise', 'blur_noise']",0.7,1.5,,,,0.09484346224677716,0.09818749357100312,0.09983143955469131
sparse_yaleB_70_0_0,./images/sparse_yaleB_70_0_0,sparse,yaleB,"['block_noise', 'blur_noise']",0.7,,0.0,0.0,,0.09069981583793739,0.07963520764270518,0.10950729250907898
sparse_yaleB_70_100_0,./images/sparse_yaleB_70_100_0,sparse,yaleB,"['block_noise', 'blur_noise']",0.7,,10.0,10.0,,0.07688766114180479,0.05981439804856019,0.1682189702987671
robust_yaleB_100_0_0,./images/robust_yaleB_100_0_0,robust,yaleB,"['block_noise', 'blur_noise']",1.0,0.01,,,,0.07136279926335175,0.05615995693961752,0.456419438123703
robust_yaleB_100_15_0,./images/robust_yaleB_100_15_0,robust,yaleB,"['block_noise', 'blur_noise']",1.0,1.5,,,,0.09392265193370165,0.08957963694491701,0.10134273022413254
sparse_yaleB_100_0_0,./images/sparse_yaleB_100_0_0,sparse,yaleB,"['block_noise', 'blur_noise']",1.0,,0.0,0.0,,0.08287292817679558,0.07661619045740538,0.11126270890235901
sparse_yaleB_100_100_0,./images/sparse_yaleB_100_100_0,sparse,yaleB,"['block_noise', 'blur_noise']",1.0,,10.0,10.0,,0.07642725598526703,0.07273197573303493,0.17028625309467316
robust_orl_0_0_0,./images/robust_orl_0_0_0,robust,orl,"['block_noise', 'blur_noise']",0.0,0.01,,,,0.16944444444444445,0.30783983795386616,0.8456293344497681
robust_orl_0_15_0,./images/robust_orl_0_15_0,robust,orl,"['block_noise', 'blur_noise']",0.0,1.5,,,,0.5694444444444444,0.7468910524541544,0.1552744209766388
sparse_orl_0_0_0,./images/sparse_orl_0_0_0,sparse,orl,"['block_noise', 'blur_noise']",0.0,,0.0,0.0,,0.6472222222222223,0.8211056695012542,0.10930246114730835
sparse_orl_0_100_0,./images/sparse_orl_0_100_0,sparse,orl,"['block_noise', 'blur_noise']",0.0,,10.0,10.0,,0.2833333333333333,0.4960569594095617,0.20525497198104858
robust_orl_15_0_0,./images/robust_orl_15_0_0,robust,orl,"['block_noise', 'blur_noise']",0.15,0.01,,,,0.1638888888888889,0.2878045001549233,0.8555853962898254
robust_orl_15_15_0,./images/robust_orl_15_15_0,robust,orl,"['block_noise', 'blur_noise']",0.15,1.5,,,,0.55,0.7309395235448751,0.1581769734621048
sparse_orl_15_0_0,./images/sparse_orl_15_0_0,sparse,orl,"['block_noise', 'blur_noise']",0.15,,0.0,0.0,,0.5972222222222222,0.7827664350686606,0.10937612503767014
sparse_orl_15_100_0,./images/sparse_orl_15_100_0,sparse,orl,"['block_noise', 'blur_noise']",0.15,,10.0,10.0,,0.2916666666666667,0.4911181029055843,0.20932331681251526
robust_orl_40_0_0,./images/robust_orl_40_0_0,robust,orl,"['block_noise', 'blur_noise']",0.4,0.01,,,,0.1638888888888889,0.2927885016770107,0.8638341426849365
robust_orl_40_15_0,./images/robust_orl_40_15_0,robust,orl,"['block_noise', 'blur_noise']",0.4,1.5,,,,0.5527777777777778,0.7177773378589887,0.15613600611686707
sparse_orl_40_0_0,./images/sparse_orl_40_0_0,sparse,orl,"['block_noise', 'blur_noise']",0.4,,0.0,0.0,,0.5194444444444445,0.6928117420576532,0.10783535242080688
sparse_orl_40_100_0,./images/sparse_orl_40_100_0,sparse,orl,"['block_noise', 'blur_noise']",0.4,,10.0,10.0,,0.25833333333333336,0.46471088632528107,0.2124764621257782
robust_orl_70_0_0,./images/robust_orl_70_0_0,robust,orl,"['block_noise', 'blur_noise']",0.7,0.01,,,,0.17777777777777778,0.29763340597316795,0.823394238948822
robust_orl_70_15_0,./images/robust_orl_70_15_0,robust,orl,"['block_noise', 'blur_noise']",0.7,1.5,,,,0.4722222222222222,0.6727892593623257,0.15451139211654663
sparse_orl_70_0_0,./images/sparse_orl_70_0_0,sparse,orl,"['block_noise', 'blur_noise']",0.7,,0.0,0.0,,0.45,0.6490535328442316,0.10533568263053894
sparse_orl_70_100_0,./images/sparse_orl_70_100_0,sparse,orl,"['block_noise', 'blur_noise']",0.7,,10.0,10.0,,0.24444444444444444,0.4357741855887958,0.2129809558391571
robust_orl_100_0_0,./images/robust_orl_100_0_0,robust,orl,"['block_noise', 'blur_noise']",1.0,0.01,,,,0.16944444444444445,0.3161694183972649,0.8685101866722107
robust_orl_100_15_0,./images/robust_orl_100_15_0,robust,orl,"['block_noise', 'blur_noise']",1.0,1.5,,,,0.37222222222222223,0.5669195487027132,0.15440191328525543
sparse_orl_100_0_0,./images/sparse_orl_100_0_0,sparse,orl,"['block_noise', 'blur_noise']",1.0,,0.0,0.0,,0.39444444444444443,0.5856919744817598,0.10080559551715851
sparse_orl_100_100_0,./images/sparse_orl_100_100_0,sparse,orl,"['block_noise', 'blur_noise']",1.0,,10.0,10.0,,0.19722222222222222,0.37988087177311364,0.22384478151798248
